Year,NOC,Medal,Country,Pop_Absolute,Urban_Pop_Percent
1956,ARG,2.0,Argentina,19031.192,70.45625
1956,AUS,26.0,Australia,9429.81,79.80697
1956,AUT,9.0,Austria,6951.739,64.27232
1956,BAH,1.0,Bahamas,96.004,56.69717
1956,BEL,2.0,Belgium,8881.501,92.07626
1956,BRA,1.0,Brazil,64644.887,42.06257
1956,BUL,5.0,Bulgaria,7596.096,33.18855
1956,CAN,8.0,Canada,16167.047,66.65039
1956,CHI,4.0,Chile,7480.649,64.19384
1956,DEN,4.0,Denmark,4459.559,70.35136
1956,FIN,20.0,Finland,4282.28,50.36997
1956,FRA,14.0,France,44859.799,58.50831
1956,GBR,22.0,UK,51578.631,78.55599
1956,GRE,1.0,Greece,8234.417,54.45284
1956,HUN,27.0,Hungary,9854.129,54.71652
1956,IND,1.0,India,407656.597,17.65026
1956,IRI,5.0,Iran,19332.414,31.17718
1956,IRL,5.0,Ireland,2869.649,44.34788
1956,ISL,1.0,Iceland,161.059,77.50282
1956,ITA,23.0,Italy,48403.438,57.35994
1956,JPN,15.0,Japan,91021.56,59.40879
1956,KOR,2.0,South Korea,22763.457,25.03418
1956,MEX,2.0,Mexico,32325.944,47.49373
1956,NOR,7.0,Norway,3461.602,50.16233
1956,NZL,2.0,New Zealand,2186.348,73.9101
1956,PAK,1.0,Pakistan,41884.995,20.17481
1956,POL,10.0,Poland,27582.025,44.1279
1956,ROU,12.0,Romania,17668.031,31.53385
1956,RSA,4.0,South Africa,14948.934,44.85335
1956,SUI,6.0,Switzerland,5065.953,69.50433
1956,SWE,29.0,Sweden,7312.105,69.93014
1956,TUR,7.0,Turkey,24473.658,29.19014
1956,URU,1.0,Uruguay,2397.436,79.33807
1956,USA,57.0,USA,166413.778,67.40079
1960,ARG,2.0,Argentina,20349.744,73.61119
1960,AUS,19.0,Australia,10286.647,81.52929
1960,AUT,6.0,Austria,7046.553,64.71982
1960,BEL,4.0,Belgium,9108.724,92.46041
1960,BRA,2.0,Brazil,73092.515,46.13865
1960,BUL,7.0,Bulgaria,7891.756,37.1
1960,CAN,5.0,Canada,17909.356,69.06134
1960,DEN,6.0,Denmark,4581.727,73.68659
1960,ESP,1.0,Spain,30415.591,56.56718
1960,FIN,12.0,Finland,4430.173,55.29023
1960,FRA,7.0,France,46671.724,61.49509
1960,GBR,20.0,UK,52700.996,78.33998
1960,GHA,1.0,Ghana,6911.51,23.25202
1960,GRE,1.0,Greece,8495.415,55.93635
1960,HUN,19.0,Hungary,9982.61,55.91131
1960,IND,1.0,India,445954.579,17.92418
1960,IRI,4.0,Iran,21388.806,33.73484
1960,IRQ,1.0,Iraq,7084.678,42.89872
1960,ITA,35.0,Italy,49517.707,59.36128
1960,JPN,17.0,Japan,94464.839,63.27225
1960,MAR,1.0,Morocco,11769.774,29.35738
1960,MEX,1.0,Mexico,36268.055,50.75272
1960,NED,5.0,Netherlands,11493.117,59.7523
1960,NOR,7.0,Norway,3581.52,49.92032
1960,NZL,3.0,New Zealand,2381.189,75.99842
1960,PAK,2.0,Pakistan,45954.226,22.10429
1960,POL,21.0,Poland,29509.903,47.8916
1960,POR,1.0,Portugal,8882.469,34.95522
1960,ROU,10.0,Romania,18458.008,34.20913
1960,RSA,3.0,South Africa,16520.441,46.61896
1960,SGP,1.0,Singapore,1601.079,100
1960,SUI,8.0,Switzerland,5328.273,70.92391
1960,SWE,12.0,Sweden,7492.895,72.48973
1960,TPE,1.0,Taiwan,10983.147,31.41196
1960,TUR,9.0,Turkey,27510.98,31.51482
1960,UAR,2.0,Syria,4610.712,36.80659
1960,USA,65.0,USA,178586.511,69.65603
1960,VEN,1.0,Venezuela,8156.937,61.61294
1960,WIF,2.0,Trinidad,847.063,34.15465
1964,ARG,1.0,Argentina,21708.487,75.84396
1964,AUS,16.0,Australia,11131.609,82.79184
1964,AUT,9.0,Austria,7222.9,64.9621
1964,BAH,1.0,Bahamas,138.785,62.64192
1964,BEL,3.0,Belgium,9350.467,92.98781
1964,BRA,1.0,Brazil,82262.794,50.05907
1964,BUL,10.0,Bulgaria,8177.721,43.98705
1964,CAN,7.0,Canada,19326.326,72.10728
1964,CUB,1.0,Cuba,7902.286,59.15022
1964,DEN,6.0,Denmark,4718.016,76.40918
1964,FIN,15.0,Finland,4549.553,58.83179
1964,FRA,19.0,France,48756.763,65.54006
1964,GBR,19.0,UK,54024.693,77.85553
1964,GHA,1.0,Ghana,7640.196,25.48756
1964,HUN,21.0,Hungary,10114.174,57.60272
1964,IND,1.0,India,489059.309,18.59481
1964,IRI,2.0,Iran,23948.624,36.39136
1964,IRL,1.0,Ireland,2837.436,46.02313
1964,ITA,30.0,Italy,50997.776,61.34966
1964,JPN,27.0,Japan,98319.344,66.97243
1964,KEN,1.0,Kenya,9047.387,8.31755
1964,KOR,3.0,South Korea,28555.856,31.37235
1964,MEX,1.0,Mexico,41333.878,54.1003
1964,NED,12.0,Netherlands,12117.829,60.57042
1964,NGR,1.0,Nigeria,48856.332,16.3181
1964,NOR,10.0,Norway,3694.673,55.94357
1964,NZL,4.0,New Zealand,2590.648,78.31724
1964,PAK,1.0,Pakistan,50552.592,23.25617
1964,PHI,1.0,Philippines,31916.622,31.3404
1964,POL,22.0,Poland,30927.873,49.72673
1964,PRK,1.0,North Korea,12787.523,44.10218
1964,ROU,12.0,Romania,19010.052,36.98876
1964,SUI,4.0,Switzerland,5789.744,72.12687
1964,SWE,14.0,Sweden,7691.823,76.15295
1964,TTO,3.0,Trinidad,913.399,37.61313
1964,TUN,2.0,Tunisia,4389.417,39.2786
1964,TUR,6.0,Turkey,30612.821,33.6802
1964,URU,1.0,Uruguay,2652.376,81.1144
1964,USA,72.0,USA,189846.633,71.22152
1968,ARG,2.0,Argentina,23112.971,77.90058
1968,AUS,15.0,Australia,12027.262,83.67248
1968,AUT,12.0,Austria,7413.808,65.15927
1968,BEL,2.0,Belgium,9556.254,93.56937
1968,BRA,3.0,Brazil,91659.246,53.96978
1968,BUL,9.0,Bulgaria,8438.288,49.76786
1968,CAN,8.0,Canada,20731.929,74.66184
1968,CMR,1.0,Cameroon,6127.193,18.87456
1968,CUB,4.0,Cuba,8550.286,59.89538
1968,DEN,8.0,Denmark,4867.734,78.69824
1968,FIN,9.0,Finland,4627.785,62.10616
1968,FRA,21.0,France,50840.501,69.90525
1968,GBR,11.0,UK,55340.861,77.2924
1968,GRE,1.0,Greece,8518.837,62.54304
1968,HUN,31.0,Hungary,10244.338,59.27649
1968,IND,1.0,India,533431.909,19.36599
1968,IRI,5.0,Iran,26875.302,39.43664
1968,ITA,20.0,Italy,52661.07,63.30911
1968,JAM,1.0,Jamaica,1812.209,39.8149
1968,JPN,19.0,Japan,102819.279,70.31617
1968,KEN,7.0,Kenya,10613.877,9.52508
1968,KOR,2.0,South Korea,31229.63,36.84588
1968,MEX,9.0,Mexico,47170.337,57.41128
1968,MGL,4.0,Mongolia,1230.406,43.71695
1968,NED,12.0,Netherlands,12727.2,61.29994
1968,NOR,15.0,Norway,3816.298,62.34036
1968,NZL,3.0,New Zealand,2756.419,80.27731
1968,PAK,1.0,Pakistan,56124.743,24.28932
1968,POL,17.0,Poland,32016.87,51.32648
1968,ROU,16.0,Romania,19515.298,39.32808
1968,SUI,11.0,Switzerland,6068.204,73.27866
1968,SWE,11.0,Sweden,7937.776,79.51884
1968,TPE,1.0,Taiwan,14271.112,35.42298
1968,TUN,2.0,Tunisia,4785.003,41.84798
1968,TUR,2.0,Turkey,33884.075,36.57715
1968,UGA,2.0,Uganda,9696.37,6.28319
1968,USA,78.0,USA,198470.565,72.74
1968,VEN,1.0,Venezuela,10672.654,69.97286
1972,ARG,1.0,Argentina,24612.794,79.74328
1972,AUS,17.0,Australia,13300.308,84.32006
1972,AUT,7.0,Austria,7542.077,65.31139
1972,BEL,2.0,Belgium,9700.298,94.10577
1972,BRA,2.0,Brazil,101194.394,57.87877
1972,BUL,20.0,Bulgaria,8700.153,54.41908
1972,CAN,6.0,Canada,22222.221,75.97087
1972,COL,3.0,Colombia,21898.055,58.14316
1972,CUB,8.0,Cuba,9169.289,61.79965
1972,DEN,1.0,Denmark,4981.078,80.73067
1972,ESP,2.0,Spain,34515.17,67.54091
1972,FIN,13.0,Finland,4639.831,65.36598
1972,FRA,15.0,France,52662.777,71.58408
1972,GBR,18.0,UK,56238.082,77.08038
1972,GHA,1.0,Ghana,9365.952,29.39196
1972,GRE,2.0,Greece,8616.667,65.45385
1972,HUN,33.0,Hungary,10376.617,60.96528
1972,IND,1.0,India,582837.973,20.32089
1972,IRI,3.0,Iran,30111.574,43.01402
1972,ITA,20.0,Italy,53995.422,65.03901
1972,JAM,1.0,Jamaica,1915.299,42.39529
1972,JPN,21.0,Japan,108220.404,73.45153
1972,KEN,8.0,Kenya,12322.903,11.282
1972,KOR,1.0,South Korea,33976.851,43.69242
1972,LIB,1.0,Lebanon,2505.965,62.58026
1972,MEX,1.0,Mexico,53543.436,60.53247
1972,MGL,1.0,Mongolia,1363.835,46.4906
1972,NED,11.0,Netherlands,13324.176,62.23237
1972,NGR,1.0,Nigeria,58173.834,18.54866
1972,NIG,1.0,Niger,4926.318,9.77213
1972,NOR,13.0,Norway,3933.047,66.72541
1972,NZL,3.0,New Zealand,2920.878,81.81867
1972,PAK,1.0,Pakistan,62509.565,25.3532
1972,POL,22.0,Poland,32979.398,53.32386
1972,PRK,5.0,North Korea,15768.363,55.20395
1972,ROU,16.0,Romania,20382.169,41.31907
1972,SUI,11.0,Switzerland,6261.153,74.04591
1972,SWE,20.0,Sweden,8117.716,81.88561
1972,TUN,1.0,Tunisia,5320.148,45.13181
1972,TUR,1.0,Turkey,37188.035,39.6004
1972,UGA,2.0,Uganda,10885.563,6.81208
1972,USA,79.0,USA,208138.468,73.43851
1976,AUS,5.0,Australia,14038.072,84.94658
1976,AUT,6.0,Austria,7563.511,65.35139
1976,BEL,6.0,Belgium,9773.537,94.6
1976,BER,1.0,Bermuda,53.373,100
1976,BRA,2.0,Brazil,111286.504,61.7447
1976,BUL,22.0,Bulgaria,8902.474,58.52622
1976,CAN,13.0,Canada,23442.114,75.50328
1976,CUB,13.0,Cuba,9600.862,65.01821
1976,DEN,3.0,Denmark,5078.773,82.60001
1976,ESP,2.0,Spain,36139.064,70.23144
1976,FIN,13.0,Finland,4725.518,68.63378
1976,FRA,10.0,France,53992.456,72.79801
1976,GBR,14.0,UK,56450.985,77.71728
1976,HUN,22.0,Hungary,10578.508,62.64966
1976,IRI,2.0,Iran,33841.06,46.66586
1976,ITA,16.0,Italy,55388.902,65.84405
1976,JAM,2.0,Jamaica,2029.486,44.55675
1976,JPN,21.0,Japan,113624.865,75.94361
1976,KOR,6.0,South Korea,36456.32,49.71868
1976,LIE,2.0,Liechtenstein,23.416,18.3148
1976,MEX,2.0,Mexico,60452.543,63.49137
1976,MGL,1.0,Mongolia,1529.084,49.38058
1976,NED,9.0,Netherlands,13760.112,63.49791
1976,NOR,9.0,Norway,4026.314,68.66694
1976,NZL,4.0,New Zealand,3127.812,83.02763
1976,PAK,1.0,Pakistan,70230.923,26.68109
1976,POL,26.0,Poland,34229.706,55.92933
1976,POR,2.0,Portugal,9330.201,41.17864
1976,PRK,2.0,North Korea,16987.17,56.74006
1976,PUR,1.0,Puerto Rico,3020.456,63.63669
1976,ROU,25.0,Romania,21449.635,43.33885
1976,SUI,8.0,Switzerland,6302.074,74.26225
1976,SWE,7.0,Sweden,8246.995,82.80157
1976,THA,1.0,Thailand,41882.128,24.36465
1976,TTO,1.0,Trinidad,1067.696,48.63103
1976,USA,80.0,USA,216375.19,73.5236
1976,VEN,1.0,Venezuela,13566.112,76.49556
1980,AUS,9.0,Australia,14706.322,85.55236
1980,AUT,10.0,Austria,7547.561,65.3914
1980,BEL,1.0,Belgium,9828.986,95.38113
1980,BRA,4.0,Brazil,122288.383,65.46751
1980,BUL,40.0,Bulgaria,8980.606,62.1
1980,CAN,2.0,Canada,24511.51,75.66323
1980,CUB,20.0,Cuba,9809.107,68.10554
1980,DEN,5.0,Denmark,5125.392,83.72307
1980,ESP,6.0,Spain,37491.666,72.78881
1980,FIN,15.0,Finland,4779.418,71.72662
1980,FRA,15.0,France,55079.658,73.1983
1980,GBR,20.0,UK,56518.334,78.34558
1980,GRE,3.0,Greece,9307.148,69.34325
1980,GUY,1.0,Guyana,778.176,30.48748
1980,HUN,32.0,Hungary,10698.679,64.1905
1980,IND,1.0,India,696828.385,23.09784
1980,IRL,2.0,Ireland,3391.387,55.33345
1980,ITA,17.0,Italy,56329.482,66.64006
1980,JAM,3.0,Jamaica,2135.546,46.73897
1980,JPN,1.0,Japan,117624.196,76.17548
1980,LIB,1.0,Lebanon,2963.702,73.6716
1980,LIE,4.0,Liechtenstein,25.003,18.27496
1980,MEX,4.0,Mexico,67705.186,66.33933
1980,MGL,4.0,Mongolia,1697.78,52.08307
1980,NED,6.0,Netherlands,14130.387,64.74505
1980,NOR,8.0,Norway,4085.776,70.54521
1980,POL,31.0,Poland,35521.429,58.0862
1980,PRK,4.0,North Korea,17973.65,56.9
1980,ROU,24.0,Romania,22125.224,46.0695
1980,SUI,7.0,Switzerland,6319.113,74.47743
1980,SWE,15.0,Sweden,8311.763,83.08665
1980,TAN,2.0,Tanzania,19297.659,14.5545
1980,UGA,1.0,Uganda,13284.026,7.53382
1980,USA,12.0,USA,226451.226,73.65695
1980,VEN,1.0,Venezuela,15210.443,79.18471
1980,ZIM,1.0,Zimbabwe,7049.926,22.37072
1984,ALG,2.0,Algeria,21393.53,47.07887
1984,AUS,24.0,Australia,15579.476,85.61132
1984,AUT,4.0,Austria,7558.563,64.57039
1984,BEL,4.0,Belgium,9873.6,95.83451
1984,BRA,8.0,Brazil,133888.775,69.00987
1984,CAN,48.0,Canada,25602.075,76.19467
1984,CHN,26.0,China,1044172.197,22.20309
1984,CIV,1.0,Ivory Coast,9621.405,37.69288
1984,CMR,1.0,Cameroon,9508.57,35.35008
1984,COL,1.0,Colombia,28689.032,66.38722
1984,DEN,6.0,Denmark,5121.314,84.24275
1984,DOM,1.0,Dominican Republic,6282.104,53.59599
1984,EGY,1.0,Egypt,48676.443,43.92186
1984,ESP,5.0,Spain,38329.925,73.98219
1984,FIN,22.0,Finland,4881.748,75.01479
1984,FRA,29.0,France,56304.108,73.63103
1984,GBR,34.0,UK,56764.907,78.30087
1984,GRE,2.0,Greece,9740.382,70.32665
1984,IRL,1.0,Ireland,3490.931,56.1149
1984,ISL,1.0,Iceland,239.677,89.31945
1984,ITA,32.0,Italy,56620.238,66.84632
1984,JAM,3.0,Jamaica,2264.095,48.22047
1984,JPN,31.0,Japan,120470.727,76.60324
1984,KEN,3.0,Kenya,18753.176,15.97902
1984,KOR,18.0,South Korea,40664.361,63.30104
1984,LIE,2.0,Liechtenstein,26.42,17.75943
1984,MAR,2.0,Morocco,21817.271,44.06285
1984,MEX,5.0,Mexico,73489.654,68.43717
1984,NED,13.0,Netherlands,14441.927,66.3193
1984,NGR,2.0,Nigeria,81337.553,24.87182
1984,NOR,12.0,Norway,4140.235,71.18017
1984,NZL,11.0,New Zealand,3250.34,83.63256
1984,PAK,1.0,Pakistan,94003.867,29.10148
1984,PER,1.0,Peru,19285.646,66.44911
1984,POR,3.0,Portugal,9974.819,44.77749
1984,PUR,2.0,Puerto Rico,3374.447,81.68383
1984,ROU,46.0,Romania,22465.037,48.92609
1984,SUI,12.0,Switzerland,6441.449,74.2864
1984,SWE,26.0,Sweden,8371.29,83.1
1984,SYR,1.0,Syria,10183.138,47.68382
1984,THA,1.0,Thailand,49636.724,27.83177
1984,TPE,1.0,Taiwan,19249.25,55.95091
1984,TUR,3.0,Turkey,48106.764,50.6338
1984,USA,144.0,USA,236242.172,74.45326
1984,VEN,3.0,Venezuela,16953.234,81.42203
1984,ZAM,1.0,Zambia,6488.072,39.70498
1988,ARG,2.0,Argentina,31690.792,86.23303
1988,AUS,14.0,Australia,16525.903,85.49254
1988,AUT,10.0,Austria,7583.761,63.50024
1988,BEL,2.0,Belgium,9917.995,96.20431
1988,BRA,6.0,Brazil,145253.973,72.34236
1988,BUL,33.0,Bulgaria,8835.815,65.69199
1988,CAN,15.0,Canada,26815.064,76.54158
1988,CHI,1.0,Chile,12918.389,83.0143
1988,CHN,23.0,China,1115889.802,24.97399
1988,COL,1.0,Colombia,31256.727,68.5322
1988,CRC,1.0,Costa Rica,3001.461,48.17723
1988,DEN,4.0,Denmark,5126.107,84.67143
1988,DJI,1.0,Djibouti,482.337,75.54797
1988,ESP,4.0,Spain,38781.722,74.90044
1988,FIN,10.0,Finland,4946.561,77.99994
1988,FRA,18.0,France,57502.453,74.08007
1988,GBR,22.0,UK,57157.049,78.09714
1988,GRE,1.0,Greece,10120.191,71.0899
1988,HUN,23.0,Hungary,10434.265,65.63227
1988,IRI,1.0,Iran,52111.868,55.25698
1988,ISV,1.0,"Virgin Islands, US",,
1988,ITA,19.0,Italy,56670.888,66.76621
1988,JAM,2.0,Jamaica,2354.805,49.03586
1988,JPN,15.0,Japan,122798.302,77.08792
1988,KEN,8.0,Kenya,21626.122,16.38277
1988,KOR,30.0,South Korea,42988.455,70.3894
1988,LIE,1.0,Liechtenstein,27.944,17.20235
1988,MAR,3.0,Morocco,23720.59,46.94306
1988,MEX,2.0,Mexico,78892.015,70.46248
1988,MGL,1.0,Mongolia,2073.771,56.80036
1988,NED,15.0,Netherlands,14762.318,67.9064
1988,NOR,10.0,Norway,4209.653,71.69899
1988,NZL,13.0,New Zealand,3316.002,84.26758
1988,PAK,1.0,Pakistan,107967.838,30.08
1988,PER,1.0,Peru,21143.799,68.09478
1988,PHI,1.0,Philippines,58755.923,45.1831
1988,POL,16.0,Poland,37812.076,61.04255
1988,POR,1.0,Portugal,10023.31,46.86689
1988,ROU,22.0,Romania,22719.093,51.78971
1988,SEN,1.0,Senegal,7113.636,38.6135
1988,SUI,16.0,Switzerland,6592.671,74.04632
1988,SUR,1.0,Suriname,402.139,65.55746
1988,SWE,17.0,Sweden,8468.137,83.1
1988,THA,1.0,Thailand,53410.965,28.89687
1988,TUR,2.0,Turkey,52275.89,56.58665
1988,USA,87.0,USA,245876.896,75.16592
1992,ALG,2.0,Algeria,26748.303,53.65695
1992,ARG,1.0,Argentina,33568.285,87.54172
1992,AUS,26.0,Australia,17462.504,85.28519
1992,AUT,17.0,Austria,7840.816,62.41659
1992,BAH,1.0,Bahamas,281.973,80.29339
1992,BEL,3.0,Belgium,10016.455,96.54246
1992,BRA,3.0,Brazil,155900.79,75.44401
1992,BUL,16.0,Bulgaria,8668.54,67.05626
1992,CAN,25.0,Canada,28347.641,76.8872
1992,CHN,49.0,China,1183813.389,28.19981
1992,COL,1.0,Colombia,33939.039,70.41459
1992,CRO,3.0,Croatia,4798.321,51.58817
1992,CUB,31.0,Cuba,10783.748,73.8269
1992,DEN,6.0,Denmark,5175.469,84.8978
1992,ESP,23.0,Spain,39202.251,75.61007
1992,EST,2.0,Estonia,1540.381,70.86013
1992,ETH,3.0,Ethiopia,52011.554,13.11633
1992,EUN,118.0,Russia,148725.601,73.38487
1992,FIN,12.0,Finland,5042.121,80.12795
1992,FRA,35.0,France,58598.487,74.69572
1992,GBR,20.0,UK,57721.558,78.02418
1992,GER,99.0,Germany,80205.03,73.35983
1992,GHA,1.0,Ghana,16241.548,37.90521
1992,GRE,2.0,Greece,10478.388,71.75676
1992,HUN,28.0,Hungary,10370.06,65.58691
1992,IRI,3.0,Iran,59372.016,57.65281
1992,IRL,2.0,Ireland,3528.367,57.29266
1992,ISR,2.0,Israel,5079.389,90.5651
1992,ITA,31.0,Italy,56833.185,66.742
1992,JAM,3.0,Jamaica,2434.574,49.89604
1992,JPN,28.0,Japan,124444.693,77.60959
1992,KEN,5.0,Kenya,24655.723,17.342
1992,KOR,31.0,South Korea,44703.709,75.81971
1992,LAT,3.0,Latvia,2662.883,68.85193
1992,LTU,2.0,Lithuania,3795.742,67.4639
1992,LUX,2.0,Luxembourg,391.516,81.52859
1992,MAR,3.0,Morocco,25400.676,49.84378
1992,MAS,1.0,Malaysia,18526.708,51.8142
1992,MEX,1.0,Mexico,84993.164,72.20921
1992,MGL,2.0,Mongolia,2236.494,56.94169
1992,NAM,2.0,Namibia,1461.687,28.3358
1992,NED,18.0,Netherlands,15150.685,70.2232
1992,NGR,4.0,Nigeria,100182.045,30.67716
1992,NOR,20.0,Norway,4286.557,72.66525
1992,NZL,11.0,New Zealand,3532.563,85.10251
1992,PAK,1.0,Pakistan,122375.179,31.07701
1992,PER,1.0,Peru,23047.248,69.69653
1992,PHI,1.0,Philippines,64543.525,46.81527
1992,POL,19.0,Poland,38252.276,61.3595
1992,PRK,10.0,North Korea,21439.991,58.6791
1992,PUR,1.0,Puerto Rico,3612.629,93.26696
1992,QAT,1.0,Qatar,471.293,93.76288
1992,ROU,17.0,Romania,22800.963,54.22668
1992,RSA,2.0,South Africa,41760.755,53.03845
1992,SLO,2.0,Slovenia,1991.34,50.54305
1992,SUI,4.0,Switzerland,6873.179,73.81547
1992,SUR,1.0,Suriname,419.521,65.85415
1992,SWE,16.0,Sweden,8640.272,83.36123
1992,THA,1.0,Thailand,56939.02,29.76333
1992,TPE,1.0,Taiwan,20952.222,67.47227
1992,TUR,6.0,Turkey,56302.037,60.5176
1992,USA,107.0,USA,258889.503,76.34162
1994,AUS,1.0,Australia,17805.504,85.02836
1994,AUT,9.0,Austria,7935.365,61.87035
1994,BLR,2.0,Belarus,10475.395,67.54132
1994,CAN,12.0,Canada,28981.189,77.41442
1994,CHN,3.0,China,1207286.675,30.02383
1994,FIN,6.0,Finland,5088.49,80.68756
1994,FRA,5.0,France,59037.272,75.06642
1994,GBR,2.0,UK,57999.46,78.14317
1994,GER,22.0,Germany,80882.126,73.70984
1994,ITA,19.0,Italy,56883.819,66.86225
1994,JPN,5.0,Japan,125119.269,77.88111
1994,KAZ,3.0,Kazakhstan,16747.151,55.9
1994,KOR,4.0,South Korea,45165.78,77.45232
1994,NED,3.0,Netherlands,15349.478,71.96232
1994,NOR,17.0,Norway,4336.739,73.4535
1994,RUS,20.0,Russia,148829.113,73.37614
1994,SLO,3.0,Slovenia,1991.449,50.59573
1994,SUI,9.0,Switzerland,6991.538,73.7079
1994,SWE,3.0,Sweden,8723.46,83.67063
1994,UKR,2.0,Ukraine,51487.372,66.91239
1994,USA,12.0,USA,266051.979,77.11052
1994,UZB,1.0,Uzbekistan,22564.732,43.25496
1996,ALG,3.0,Algeria,28984.634,56.77364
1996,ARG,3.0,Argentina,35389.362,88.36574
1996,ARM,2.0,Armenia,3298.898,65.78092
1996,AUS,39.0,Australia,18211.845,84.76748
1996,AUT,3.0,Austria,7958.041,61.32034
1996,AZE,1.0,Azerbaijan,7949.101,51.89642
1996,BAH,1.0,Bahamas,304.933,81.17975
1996,BDI,1.0,Burundi,5930.507,7.41216
1996,BEL,6.0,Belgium,10123.229,96.85149
1996,BLR,14.0,Belarus,10436.459,68.30797
1996,BRA,15.0,Brazil,166037.122,78.30216
1996,BUL,15.0,Bulgaria,8401.376,68.00748
1996,CAN,22.0,Canada,29593.849,77.95139
1996,CHN,46.0,China,1228298.836,31.91604
1996,CRC,1.0,Costa Rica,3656.234,55.46735
1996,CRO,2.0,Croatia,4758.628,52.50897
1996,CUB,24.0,Cuba,10963.031,74.42577
1996,CZE,11.0,Czech Republic,10295.651,74.51251
1996,DEN,6.0,Denmark,5256.007,85.00588
1996,ECU,1.0,Ecuador,11775.221,58.27677
1996,ESP,16.0,Spain,39996.473,75.93769
1996,ETH,3.0,Ethiopia,59347.649,14.00617
1996,FIN,4.0,Finland,5124.718,81.22276
1996,FRA,35.0,France,59502.834,75.43269
1996,GBR,15.0,UK,58293.465,78.26201
1996,GEO,2.0,Georgia,4761.272,53.60015
1996,GER,63.0,Germany,81300.865,74.13293
1996,GRE,8.0,Greece,10803.806,72.23881
1996,HKG,1.0,China,1228298.836,31.91604
1996,HUN,20.0,Hungary,10308.267,65.08259
1996,IND,1.0,India,983281.218,26.81746
1996,IRI,3.0,Iran,61598.378,61.08742
1996,IRL,4.0,Ireland,3606.728,58.17307
1996,ISR,1.0,Israel,5612.494,90.94326
1996,ITA,33.0,Italy,56898.973,66.98245
1996,JAM,6.0,Jamaica,2532.894,50.85545
1996,JPN,14.0,Japan,125726.223,78.14525
1996,KAZ,11.0,Kazakhstan,16144.247,55.943
1996,KEN,7.0,Kenya,27615.736,18.57898
1996,KOR,27.0,South Korea,45660.168,78.66236
1996,LAT,1.0,Latvia,2534.287,68.65031
1996,LTU,1.0,Lithuania,3722.022,67.22529
1996,MAR,2.0,Morocco,26999.093,52.02154
1996,MAS,2.0,Malaysia,20689.051,56.96879
1996,MDA,2.0,Moldova,4430.195,46.19999
1996,MEX,1.0,Mexico,91586.555,73.67004
1996,MGL,1.0,Mongolia,2357.033,56.75985
1996,MOZ,1.0,Mozambique,16079.553,28.01296
1996,NAM,2.0,Namibia,1650.066,30.3164
1996,NED,18.0,Netherlands,15538.616,73.64026
1996,NGR,6.0,Nigeria,110956.183,32.72459
1996,NOR,7.0,Norway,4381.51,74.06245
1996,NZL,5.0,New Zealand,3728.457,85.70021
1996,PHI,1.0,Philippines,70944.969,46.47475
1996,POL,17.0,Poland,38401.408,61.538
1996,POR,2.0,Portugal,10087.645,51.76954
1996,PRK,5.0,North Korea,22614.347,59.09733
1996,PUR,1.0,Puerto Rico,3732.811,93.87598
1996,ROU,17.0,Romania,22417.869,53.61609
1996,RSA,5.0,South Africa,44661.603,54.9674
1996,RUS,60.0,Russia,148233.411,73.3674
1996,SLO,2.0,Slovenia,1990.667,50.6485
1996,SUI,7.0,Switzerland,7069.691,73.59988
1996,SVK,3.0,Slovakia,5358.289,56.47643
1996,SWE,8.0,Sweden,8785.494,83.91404
1996,SYR,1.0,Syria,14708.879,50.47311
1996,TGA,1.0,Tonga,100.195,22.89637
1996,THA,2.0,Thailand,60211.096,30.44898
1996,TPE,1.0,Taiwan,21612.429,68.68144
1996,TTO,2.0,Trinidad,1313.434,55.22353
1996,TUN,1.0,Tunisia,9430.55,61.86957
1996,TUR,6.0,Turkey,60293.786,62.65345
1996,UGA,1.0,Uganda,21249.572,13.21585
1996,UKR,22.0,Ukraine,50616.105,66.98998
1996,USA,90.0,USA,272821.789,77.86288
1996,UZB,2.0,Uzbekistan,23465.926,44.20821
1996,ZAM,1.0,Zambia,8902.019,36.63828
1998,AUS,1.0,Australia,18601.667,84.50325
1998,AUT,13.0,Austria,7975.862,60.7682
1998,BEL,1.0,Belgium,10188.538,96.9957
1998,BLR,2.0,Belarus,10357.466,69.06378
1998,BUL,1.0,Bulgaria,8234.927,68.45443
1998,CAN,13.0,Canada,30144.812,78.72399
1998,CHN,8.0,China,1246836.105,33.86705
1998,CZE,3.0,Czech Republic,10263.833,74.25137
1998,DEN,1.0,Denmark,5298.992,85.05963
1998,FIN,11.0,Finland,5153.544,81.70731
1998,FRA,8.0,France,60030.43,75.79392
1998,GBR,1.0,UK,58656.259,78.3801
1998,GER,21.0,Germany,81524.383,74.55099
1998,ITA,10.0,Italy,56938.738,67.10226
1998,JPN,8.0,Japan,126308.39,78.39784
1998,KAZ,2.0,Kazakhstan,15474.254,55.98594
1998,KOR,5.0,South Korea,46250.259,79.14538
1998,NED,6.0,Netherlands,15722.594,75.25016
1998,NOR,20.0,Norway,4431.676,75.02675
1998,RUS,15.0,Russia,147672.728,73.35867
1998,SUI,7.0,Switzerland,7108.221,73.49175
1998,SWE,3.0,Sweden,8828.633,83.97009
1998,UKR,1.0,Ukraine,49745.874,67.06738
1998,USA,12.0,USA,279727.124,78.59615
2000,ALG,5.0,Algeria,30774.621,59.9186
2000,ARG,4.0,Argentina,37070.774,89.14201
2000,ARM,1.0,Armenia,3168.523,64.66633
2000,AUS,55.0,Australia,19017.963,84.23492
2000,AUT,3.0,Austria,8010.428,60.2125
2000,AZE,3.0,Azerbaijan,8190.337,51.38627
2000,BAH,3.0,Bahamas,325.014,82.00712
2000,BAR,1.0,Barbados,264.657,33.82695
2000,BEL,5.0,Belgium,10264.343,97.12874
2000,BLR,16.0,Belarus,10256.483,69.97313
2000,BRA,12.0,Brazil,175873.72,81.19201
2000,BUL,12.0,Bulgaria,8097.691,68.89861
2000,CAN,14.0,Canada,30683.313,79.47766
2000,CHI,1.0,Chile,15351.799,86.07324
2000,CHN,49.0,China,1264099.069,35.87729
2000,CMR,1.0,Cameroon,15091.594,45.54152
2000,COL,1.0,Colombia,39215.135,73.9573
2000,CRC,2.0,Costa Rica,3979.193,59.05168
2000,CRO,2.0,Croatia,4548.434,53.42806
2000,CUB,29.0,Cuba,11105.791,75.32311
2000,CZE,8.0,Czech Republic,10234.71,73.98813
2000,DEN,6.0,Denmark,5340.655,85.1
2000,ESP,11.0,Spain,40741.651,76.26229
2000,EST,3.0,Estonia,1396.877,69.36836
2000,ETH,5.0,Ethiopia,67031.867,14.73953
2000,FIN,4.0,Finland,5176.209,82.18274
2000,FRA,37.0,France,60663.518,76.2735
2000,GBR,27.0,UK,59070.911,78.49816
2000,GEO,6.0,Georgia,4265.172,52.63827
2000,GER,53.0,Germany,81551.677,74.96514
2000,GRE,13.0,Greece,11038.109,72.71576
2000,HUN,17.0,Hungary,10202.055,64.57488
2000,IND,1.0,India,1059633.675,27.66726
2000,IRI,4.0,Iran,65544.383,64.04189
2000,IRL,1.0,Ireland,3768.95,59.15486
2000,ISL,1.0,Iceland,281.462,92.40109
2000,ISR,1.0,Israel,6116.958,91.20298
2000,ITA,32.0,Italy,56966.397,67.22201
2000,JAM,8.0,Jamaica,2612.205,51.81424
2000,JPN,18.0,Japan,126803.861,78.64865
2000,KAZ,7.0,Kazakhstan,15236.253,56.09838
2000,KEN,5.0,Kenya,30851.606,19.89217
2000,KGZ,1.0,Kyrgyzstan,4935.182,35.298
2000,KOR,26.0,South Korea,46788.591,79.62094
2000,KSA,2.0,Saudi Arabia,21547.39,79.8477
2000,KUW,1.0,Kuwait,1934.901,99.00002
2000,LAT,3.0,Latvia,2392.53,68.0667
2000,LTU,5.0,Lithuania,3599.637,66.98579
2000,MAR,5.0,Morocco,28554.415,53.33498
2000,MDA,2.0,Moldova,4251.573,44.58939
2000,MEX,6.0,Mexico,97873.442,74.72243
2000,MKD,1.0,Macedonia,2037.936,58.54791
2000,MOZ,1.0,Mozambique,17768.505,29.09833
2000,NED,24.0,Netherlands,15899.135,76.79479
2000,NGR,3.0,Nigeria,122851.984,34.84
2000,NOR,10.0,Norway,4491.202,76.01978
2000,NZL,4.0,New Zealand,3855.266,86.02106
2000,POL,14.0,Poland,38504.431,61.7162
2000,POR,2.0,Portugal,10300.626,54.39945
2000,PRK,4.0,North Korea,23367.059,59.41244
2000,QAT,1.0,Qatar,645.937,96.31079
2000,ROU,24.0,Romania,21919.876,53.00442
2000,RSA,5.0,South Africa,46813.266,56.89065
2000,RUS,83.0,Russia,146844.839,73.34993
2000,SLO,2.0,Slovenia,1984.339,50.75396
2000,SRI,1.0,Sri Lanka,18776.371,18.38027
2000,SUI,8.0,Switzerland,7182.059,73.38317
2000,SVK,4.0,Slovakia,5376.69,56.23325
2000,SWE,12.0,Sweden,8871.043,84.02605
2000,THA,3.0,Thailand,63066.603,31.38586
2000,TPE,5.0,Taiwan,22194.731,69.86574
2000,TTO,2.0,Trinidad,1332.203,55.90512
2000,TUR,5.0,Turkey,64113.547,64.74107
2000,UKR,23.0,Ukraine,48879.755,67.14479
2000,URU,1.0,Uruguay,3292.224,92.02796
2000,USA,80.0,USA,286333.847,79.26728
2000,UZB,4.0,Uzbekistan,24925.554,46.12555
2000,VIE,1.0,Vietnam,79001.142,24.37373
2002,AUS,2.0,Australia,19475.844,84.22184
2002,AUT,14.0,Austria,8078.992,59.65494
2002,BLR,1.0,Belarus,10135.388,70.93896
2002,BUL,3.0,Bulgaria,7974.81,69.52361
2002,CAN,15.0,Canada,31322.398,79.88833
2002,CHN,6.0,China,1280926.12,38.42543
2002,CRO,4.0,Croatia,4482.868,53.81047
2002,CZE,3.0,Czech Republic,10238.17,73.80854
2002,EST,2.0,Estonia,1379.24,69.11585
2002,FIN,6.0,Finland,5200.596,82.50332
2002,FRA,9.0,France,61404.397,76.79859
2002,GBR,2.0,UK,59580.04,78.89182
2002,GER,31.0,Germany,81443.427,75.37422
2002,ITA,11.0,Italy,57107.577,67.38248
2002,JPN,2.0,Japan,127301.75,81.64708
2002,KOR,3.0,South Korea,47320.668,80.29873
2002,NED,6.0,Netherlands,16057.04,79.11328
2002,NOR,24.0,Norway,4538.438,76.73305
2002,POL,2.0,Poland,38647.476,61.78718
2002,RUS,12.0,Russia,145590.136,73.3412
2002,SLO,1.0,Slovenia,1983.767,50.85683
2002,SUI,11.0,Switzerland,7276.48,73.40069
2002,SWE,7.0,Sweden,8926.012,84.13343
2002,USA,28.0,USA,292288.75,79.6088
2004,ARG,6.0,Argentina,38668.796,89.86016
2004,AUS,46.0,Australia,19925.056,84.46275
2004,AUT,7.0,Austria,8171.217,59.09411
2004,AZE,5.0,Azerbaijan,8556.164,52.18874
2004,BAH,2.0,Bahamas,343.089,82.17601
2004,BEL,3.0,Belgium,10456.163,97.35009
2004,BLR,12.0,Belarus,9999.712,71.88748
2004,BRA,10.0,Brazil,184722.043,82.52114
2004,BUL,12.0,Bulgaria,7865.316,70.23321
2004,CAN,12.0,Canada,31911.668,80.04461
2004,CHI,2.0,Chile,16017.966,86.72457
2004,CHN,57.0,China,1296816.711,41.14405
2004,CMR,1.0,Cameroon,16809.407,47.93999
2004,COL,2.0,Colombia,41648.268,75.62031
2004,CRO,5.0,Croatia,4443.35,54.14736
2004,CUB,26.0,Cuba,11225.294,76.04057
2004,CZE,9.0,Czech Republic,10260.999,73.6707
2004,DEN,8.0,Denmark,5415.586,85.56605
2004,DOM,1.0,Dominican Republic,9043.127,66.00302
2004,EGY,5.0,Egypt,77522.427,42.98095
2004,ERI,1.0,Eritrea,2763.14,30.16447
2004,ESP,20.0,Spain,42959.666,77.02166
2004,EST,3.0,Estonia,1362.48,68.86184
2004,ETH,4.0,Ethiopia,75301.026,15.50436
2004,FIN,2.0,Finland,5228.141,82.77195
2004,FRA,31.0,France,62161.397,77.30013
2004,GBR,29.0,UK,60224.066,79.47136
2004,GEO,4.0,Georgia,3988.86,53.21802
2004,GER,49.0,Germany,81266.673,75.77933
2004,GRE,16.0,Greece,11115.091,74.07286
2004,HKG,1.0,China,1296816.711,41.14405
2004,HUN,17.0,Hungary,10094.493,65.8965
2004,INA,3.0,Indonesia,225938.595,45.14895
2004,IND,1.0,India,1136264.583,28.90265
2004,IRI,6.0,Iran,69061.674,66.86947
2004,ISR,2.0,Israel,6595.986,91.45595
2004,ITA,30.0,Italy,57860.661,67.62002
2004,JAM,5.0,Jamaica,2664.024,52.62453
2004,JPN,37.0,Japan,127671.288,84.64039
2004,KAZ,8.0,Kazakhstan,15521.923,56.39035
2004,KEN,5.0,Kenya,34791.836,21.30978
2004,KOR,28.0,South Korea,47727.285,81.00167
2004,LAT,4.0,Latvia,2263.443,67.89954
2004,LTU,3.0,Lithuania,3422.591,66.6458
2004,MAR,3.0,Morocco,30033.125,54.64381
2004,MEX,4.0,Mexico,103945.813,75.99704
2004,MGL,1.0,Mongolia,2537.949,61.44286
2004,NED,22.0,Netherlands,16196.035,81.5144
2004,NGR,2.0,Nigeria,136756.848,38.21234
2004,NOR,6.0,Norway,4592.277,77.3987
2004,NZL,4.0,New Zealand,4081.409,86.28091
2004,PAR,1.0,Paraguay,5416.324,57.30543
2004,POL,10.0,Poland,38596.042,61.56398
2004,POR,3.0,Portugal,10501.522,56.90667
2004,PRK,5.0,North Korea,23948.93,59.72678
2004,ROU,17.0,Romania,21289.286,53.04289
2004,RSA,6.0,South Africa,48556.071,58.99268
2004,RUS,79.0,Russia,144353.636,73.41786
2004,SLO,4.0,Slovenia,1996.722,51.3079
2004,SUI,5.0,Switzerland,7381.151,73.45242
2004,SVK,6.0,Slovakia,5374.931,55.71274
2004,SWE,7.0,Sweden,9004.263,84.25751
2004,SYR,1.0,Syria,18084.007,53.4168
2004,THA,8.0,Thailand,65311.166,36.1685
2004,TPE,5.0,Taiwan,22703.099,71.79677
2004,TTO,1.0,Trinidad,1361.172,55.15457
2004,TUR,9.0,Turkey,67785.075,67.22466
2004,UAE,1.0,United Arab Emirates,3993.339,81.87112
2004,UKR,22.0,Ukraine,47261.961,67.59655
2004,USA,88.0,USA,297871.665,79.94618
2004,UZB,5.0,Uzbekistan,26234.923,48.05442
2004,VEN,2.0,Venezuela,26226.927,87.92809
2004,ZIM,3.0,Zimbabwe,12160.881,34.29418
2006,AUS,2.0,Australia,20467.03,84.70033
2006,AUT,17.0,Austria,8267.763,58.53167
2006,BLR,1.0,Belarus,9874.7,72.81565
2006,BUL,1.0,Bulgaria,7766.036,70.93225
2006,CAN,21.0,Canada,32531.867,80.21315
2006,CHN,9.0,China,1313086.567,43.86782
2006,CRO,3.0,Croatia,4417.56,54.48339
2006,CZE,4.0,Czech Republic,10304.815,73.53258
2006,EST,3.0,Estonia,1346.709,68.60706
2006,FIN,9.0,Finland,5266.251,83.03697
2006,FRA,9.0,France,62991.783,77.78985
2006,GBR,1.0,UK,61035.913,80.03839
2006,GER,25.0,Germany,81177.817,76.17933
2006,ITA,11.0,Italy,58429.903,67.85633
2006,JPN,1.0,Japan,127902.167,87.11766
2006,KOR,8.0,South Korea,48049.347,81.52826
2006,LAT,1.0,Latvia,2203.913,67.96699
2006,NED,7.0,Netherlands,16325.677,83.6359
2006,NOR,15.0,Norway,4661.087,77.95017
2006,POL,2.0,Poland,38547.179,61.3406
2006,RUS,21.0,Russia,143338.669,73.50777
2006,SUI,13.0,Switzerland,7475.01,73.50402
2006,SVK,1.0,Slovakia,5377.235,55.41206
2006,SWE,13.0,Sweden,9104.719,84.42961
2006,UKR,2.0,Ukraine,46592.556,67.96883
2006,USA,21.0,USA,303651.171,80.27852
2008,AFG,1.0,Afghanistan,26427.199,23.31979
2008,ALG,2.0,Algeria,34569.592,66.09665
2008,ARG,6.0,Argentina,40273.769,90.52973
2008,ARM,6.0,Armenia,2983.421,63.63951
2008,AUS,44.0,Australia,21247.873,84.94287
2008,AUT,3.0,Austria,8321.131,57.96622
2008,AZE,7.0,Azerbaijan,8999.696,52.99007
2008,BAH,2.0,Bahamas,362.795,82.34349
2008,BEL,2.0,Belgium,10726.716,97.55479
2008,BLR,16.0,Belarus,9787.826,73.72561
2008,BRA,16.0,Brazil,192672.317,83.74863
2008,BUL,5.0,Bulgaria,7674.913,71.62245
2008,CAN,19.0,Canada,33218.541,80.57809
2008,CHI,1.0,Chile,16661.462,86.95874
2008,CHN,87.0,China,1330167.148,46.53879
2008,CMR,1.0,Cameroon,18777.081,50.3497
2008,COL,2.0,Colombia,43815.313,77.20436
2008,CRO,5.0,Croatia,4393.664,54.81949
2008,CUB,24.0,Cuba,11276.609,76.41267
2008,CZE,6.0,Czech Republic,10378.583,73.3938
2008,DEN,9.0,Denmark,5502.751,86.48687
2008,DOM,2.0,Dominican Republic,9522.948,71.29955
2008,ECU,1.0,Ecuador,14496.797,62.29967
2008,EGY,1.0,Egypt,83844.783,43.05821
2008,ESP,18.0,Spain,45966.538,77.9761
2008,EST,2.0,Estonia,1337.011,68.35081
2008,ETH,5.0,Ethiopia,84357.105,16.51
2008,FIN,4.0,Finland,5313.35,83.29909
2008,FRA,38.0,France,63843.922,78.27829
2008,GBR,42.0,UK,61978.623,80.59436
2008,GEO,6.0,Georgia,3879.698,54.76517
2008,GER,41.0,Germany,81217.482,76.57531
2008,GRE,4.0,Greece,11073.623,75.56775
2008,HUN,10.0,Hungary,10023.51,67.94342
2008,INA,5.0,Indonesia,237936.543,48.33505
2008,IND,3.0,India,1206734.806,30.24592
2008,IRI,2.0,Iran,73318.394,69.4585
2008,IRL,3.0,Ireland,4452.392,61.14123
2008,ISL,1.0,Iceland,317.715,93.39529
2008,ISR,1.0,Israel,7074.522,91.70231
2008,ITA,26.0,Italy,59224.228,68.09206
2008,JAM,7.0,Jamaica,2711.373,53.37096
2008,JPN,25.0,Japan,128077.633,89.10297
2008,KAZ,13.0,Kazakhstan,16196.517,56.68187
2008,KEN,11.0,Kenya,39186.895,22.79965
2008,KGZ,2.0,Kyrgyzstan,5345.415,35.28541
2008,KOR,30.0,South Korea,48398.626,81.73314
2008,LAT,3.0,Latvia,2150.412,67.83355
2008,LTU,4.0,Lithuania,3224.378,66.84819
2008,MAR,2.0,Morocco,31634.992,56.88619
2008,MAS,1.0,Malaysia,27664.296,69.22516
2008,MDA,1.0,Moldova,3812.422,42.68157
2008,MEX,3.0,Mexico,109684.489,77.22152
2008,MGL,4.0,Mongolia,2633.887,65.58056
2008,MRI,1.0,Mauritius,1275.684,41.77705
2008,NED,18.0,Netherlands,16460.77,85.40198
2008,NGR,4.0,Nigeria,152382.506,41.7022
2008,NOR,9.0,Norway,4768.654,78.52628
2008,NZL,9.0,New Zealand,4260.239,86.2804
2008,PAN,1.0,Panama,3495.276,64.56035
2008,POL,10.0,Poland,38522.882,61.11644
2008,POR,2.0,Portugal,10580.96,59.35864
2008,PRK,6.0,North Korea,24469.047,60.04032
2008,ROU,8.0,Romania,20597.508,53.56726
2008,RSA,1.0,South Africa,50565.812,61.15364
2008,RUS,66.0,Russia,143086.549,73.59761
2008,SGP,1.0,Singapore,4838.402,100
2008,SLO,5.0,Slovenia,2034.033,52.2088
2008,SRB,3.0,Serbia,9526.164,54.54992
2008,SUI,7.0,Switzerland,7638.288,73.55562
2008,SVK,6.0,Slovakia,5381.636,55.11056
2008,SWE,5.0,Sweden,9229.271,84.74584
2008,THA,4.0,Thailand,67328.239,41.24188
2008,TJK,2.0,Tajikistan,7324.627,26.51586
2008,TOG,1.0,Togo,6222.482,36.58656
2008,TPE,4.0,Taiwan,22998.321,73.74583
2008,TTO,2.0,Trinidad,1392.803,54.40164
2008,TUN,1.0,Tunisia,10680.38,66.09323
2008,TUR,7.0,Turkey,71320.726,69.65148
2008,UKR,26.0,Ukraine,46062.937,68.32516
2008,USA,92.0,USA,309559.011,80.607
2008,UZB,6.0,Uzbekistan,27726.81,49.98911
2008,VEN,1.0,Venezuela,27933.833,88.03148
2008,VIE,1.0,Vietnam,85597.241,29.12772
2008,ZIM,4.0,Zimbabwe,12550.347,33.55999
2010,AUS,3.0,Australia,22019.168,85.18191
2010,AUT,16.0,Austria,8362.829,57.39946
2010,BLR,3.0,Belarus,9731.427,74.67186
2010,CAN,25.0,Canada,33963.412,80.9374
2010,CHN,10.0,China,1348191.368,49.22604
2010,CRO,3.0,Croatia,4368.682,55.15468
2010,CZE,6.0,Czech Republic,10464.749,73.25476
2010,EST,1.0,Estonia,1331.535,68.09381
2010,FIN,5.0,Finland,5363.271,83.76975
2010,FRA,11.0,France,64603.367,78.76685
2010,GBR,1.0,UK,63000.8,81.13779
2010,GER,26.0,Germany,81325.09,76.96616
2010,ITA,5.0,Italy,59822.45,68.32654
2010,JPN,4.0,Japan,128105.431,90.81239
2010,KAZ,1.0,Kazakhstan,16627.837,56.82737
2010,KOR,12.0,South Korea,48813.042,81.93597
2010,LAT,2.0,Latvia,2101.53,67.84149
2010,NED,7.0,Netherlands,16617.117,87.13389
2010,NOR,21.0,Norway,4889.741,79.10167
2010,POL,6.0,Poland,38597.353,60.89211
2010,RUS,14.0,Russia,143242.599,73.68713
2010,SLO,3.0,Slovenia,2057.287,52.65841
2010,SUI,9.0,Switzerland,7822.435,73.6071
2010,SVK,3.0,Slovakia,5396.424,54.68496
2010,SWE,10.0,Sweden,9381.729,85.05635
2010,USA,29.0,USA,315006.909,80.93112
2012,AFG,1.0,Afghanistan,30466.479,24.15971
2012,ALG,1.0,Algeria,37260.563,68.91458
2012,ARG,4.0,Argentina,41952.365,91.1205
2012,ARM,3.0,Armenia,2914.421,63.23964
2012,AUS,35.0,Australia,22729.269,85.40154
2012,AZE,10.0,Azerbaijan,9485.576,53.88322
2012,BAH,1.0,Bahamas,382.061,82.53248
2012,BEL,3.0,Belgium,11031.139,97.74405
2012,BLR,12.0,Belarus,9693.749,75.69744
2012,BOT,1.0,Botswana,2175.425,64.76817
2012,BRA,17.0,Brazil,199977.707,84.92286
2012,BRN,1.0,Bahrain,1224.939,88.76211
2012,BUL,2.0,Bulgaria,7488.344,72.97525
2012,CAN,18.0,Canada,34691.878,81.1368
2012,CHN,75.0,China,1366560.818,51.76465
2012,COL,8.0,Colombia,45782.417,78.70074
2012,CRO,6.0,Croatia,4331.595,55.50629
2012,CUB,14.0,Cuba,11309.29,76.78075
2012,CYP,1.0,Cyprus,863.942,67.26152
2012,CZE,10.0,Czech Republic,10511.065,73.19688
2012,DEN,9.0,Denmark,5600.959,87.14185
2012,DOM,2.0,Dominican Republic,10030.882,75.8024
2012,EGY,2.0,Egypt,91240.376,42.94624
2012,ESP,17.0,Spain,46756.082,78.90175
2012,EST,2.0,Estonia,1322.682,67.97403
2012,ETH,6.0,Ethiopia,94451.28,18.16
2012,FIN,3.0,Finland,5413.859,84.84149
2012,FRA,35.0,France,65261.046,79.25897
2012,GAB,1.0,Gabon,1836.705,86.63401
2012,GBR,61.0,UK,64051.686,81.67232
2012,GEO,7.0,Georgia,3804.356,56.30317
2012,GER,41.0,Germany,81545.565,77.17002
2012,GRE,2.0,Greece,10963.635,77.00384
2012,GRN,1.0,Grenada,115.912,35.86902
2012,GUA,1.0,Guatemala,15128.306,49
2012,HKG,1.0,China,1366560.818,51.76465
2012,HUN,18.0,Hungary,9922.127,69.67754
2012,INA,2.0,Indonesia,250222.695,51.2762
2012,IND,6.0,India,1274487.215,31.63353
2012,IRI,11.0,Iran,77324.451,71.75495
2012,IRL,5.0,Ireland,4564.55,61.94221
2012,ITA,26.0,Italy,60190.145,68.68423
2012,JAM,8.0,Jamaica,2759.817,54.13194
2012,JPN,38.0,Japan,127853.688,91.14823
2012,KAZ,13.0,Kazakhstan,17102.864,56.97293
2012,KEN,7.0,Kenya,43725.806,24.37629
2012,KOR,27.0,South Korea,49634.185,81.85078
2012,KSA,1.0,Saudi Arabia,30821.543,82.52037
2012,KUW,1.0,Kuwait,3394.663,100
2012,LAT,2.0,Latvia,2053.636,67.89695
2012,LTU,5.0,Lithuania,3063.341,66.8638
2012,MAR,1.0,Morocco,33352.169,59.14223
2012,MAS,2.0,Malaysia,29660.212,72.27527
2012,MDA,2.0,Moldova,3507.191,42.55764
2012,MEX,6.0,Mexico,115755.909,78.40529
2012,MGL,5.0,Mongolia,2792.349,68.02979
2012,MNE,1.0,Montenegro,633.051,64.80413
2012,NED,19.0,Netherlands,16785.299,88.58797
2012,NOR,4.0,Norway,5019.056,79.87421
2012,NZL,13.0,New Zealand,4410.284,86.16066
2012,POL,10.0,Poland,38625.874,60.65419
2012,POR,1.0,Portugal,10522.086,61.76299
2012,PRK,6.0,North Korea,24887.77,60.738
2012,PUR,2.0,Puerto Rico,3657.988,93.72619
2012,QAT,2.0,Qatar,1905.66,98.69717
2012,ROU,9.0,Romania,20137.118,53.97421
2012,RSA,6.0,South Africa,53145.033,63.27164
2012,RUS,77.0,Russia,143629.362,73.79066
2012,SGP,2.0,Singapore,5381.005,100
2012,SLO,4.0,Slovenia,2069.354,53.10825
2012,SRB,4.0,Serbia,9402.762,55.35554
2012,SUI,4.0,Switzerland,7995.738,73.65254
2012,SVK,4.0,Slovakia,5409.283,54.27964
2012,SWE,8.0,Sweden,9555.987,85.61985
2012,THA,3.0,Thailand,69157.023,45.44516
2012,TJK,1.0,Tajikistan,7956.382,26.5446
2012,TPE,2.0,Taiwan,23234.058,75.60341
2012,TTO,4.0,Trinidad,1430.377,53.67065
2012,TUN,3.0,Tunisia,11174.383,67.21765
2012,TUR,4.0,Turkey,75277.439,71.97353
2012,UGA,1.0,Uganda,34273.295,20.42371
2012,UKR,20.0,Ukraine,45406.226,68.7823
2012,USA,92.0,USA,320414.082,81.26747
2012,UZB,3.0,Uzbekistan,29503.051,51.0503
2012,VEN,1.0,Venezuela,29470.426,88.12278
2014,AUS,3.0,Australia,23469.579,85.60191
2014,AUT,14.0,Austria,8546.066,57.52606
2014,BLR,5.0,Belarus,9693.739,76.69311
2014,CAN,21.0,Canada,35404.608,81.21837
2014,CHN,9.0,China,1385189.668,54.2592
2014,CRO,1.0,Croatia,4283.972,55.92255
2014,CZE,8.0,Czech Republic,10517.182,73.38372
2014,FIN,5.0,Finland,5461.44,85.17518
2014,FRA,11.0,France,65815.712,79.75473
2014,GBR,4.0,UK,65018.312,82.19916
2014,GER,17.0,Germany,81858.825,77.19
2014,ITA,8.0,Italy,60322.791,69.2725
2014,JPN,7.0,Japan,127476.735,91.3038
2014,KAZ,1.0,Kazakhstan,17592.298,57.11819
2014,KOR,7.0,South Korea,50558.043,81.7068
2014,LAT,4.0,Latvia,2011.039,67.95233
2014,NED,13.0,Netherlands,16954.081,89.69037
2014,NOR,21.0,Norway,5137.923,80.69171
2014,POL,6.0,Poland,38581.872,60.40336
2014,RUS,30.0,Russia,144285.07,73.94994
2014,SLO,8.0,Slovenia,2074.917,53.55693
2014,SUI,10.0,Switzerland,8187.791,73.69585
2014,SVK,1.0,Slovakia,5419.569,54
2014,SWE,13.0,Sweden,9747.508,86.2473
2014,UKR,2.0,Ukraine,45148.075,68.96808
2014,USA,24.0,USA,325697.357,81.62004
2016,ALG,2.0,Algeria,40339.329,71.4586
2016,ARG,4.0,Argentina,43668.241,91.62676
2016,ARM,4.0,Armenia,2865.835,63.08171
2016,AUS,29.0,Australia,24195.701,85.80027
2016,AUT,1.0,Austria,8736.487,57.90497
2016,AZE,18.0,Azerbaijan,9976.248,55.02146
2016,BAH,2.0,Bahamas,395.976,82.83218
2016,BDI,1.0,Burundi,10903.327,12.38832
2016,BEL,6.0,Belgium,11316.836,97.91897
2016,BLR,9.0,Belarus,9708.11,77.66134
2016,BRA,18.0,Brazil,206859.578,86.04244
2016,BRN,2.0,Bahrain,1409.661,89.08994
2016,BUL,3.0,Bulgaria,7245.975,74.32933
2016,CAN,22.0,Canada,36113.532,81.29977
2016,CHN,61.0,China,1401889.681,56.73597
2016,CIV,2.0,Ivory Coast,24213.622,49.88095
2016,COL,8.0,Colombia,47625.955,80.10779
2016,CRO,10.0,Croatia,4223.751,56.40298
2016,CUB,11.0,Cuba,11342.012,76.93
2016,CZE,10.0,Czech Republic,10527.591,73.57
2016,DEN,15.0,Denmark,5706.857,87.64219
2016,DOM,1.0,Dominican Republic,10527.592,79.43569
2016,EGY,3.0,Egypt,99784.03,42.73167
2016,ESP,17.0,Spain,46473.315,79.83986
2016,EST,1.0,Estonia,1315.926,68.56288
2016,ETH,7.0,Ethiopia,105293.228,19.8658
2016,FIJ,1.0,Fiji,918.371,55.2351
2016,FIN,1.0,Finland,5495.219,85.27513
2016,FRA,42.0,France,66254.313,80.25291
2016,GBR,63.0,UK,65902.374,82.71803
2016,GEO,6.0,Georgia,3771.11,57.83678
2016,GER,40.0,Germany,82331.423,77.22362
2016,GRE,6.0,Greece,10749.742,78.38687
2016,GRN,1.0,Grenada,119.966,36.07257
2016,HUN,15.0,Hungary,9815.104,70.77862
2016,INA,3.0,Indonesia,261850.182,53.98873
2016,IND,2.0,India,1338636.34,33.18239
2016,IRI,8.0,Iran,83306.231,73.87985
2016,IRL,2.0,Ireland,4715.788,62.73676
2016,ISR,2.0,Israel,8159.009,92.25642
2016,ITA,26.0,Italy,60118.626,69.85537
2016,JAM,10.0,Jamaica,2802.695,55.09797
2016,JOR,1.0,Jordan,9964.656,90.5061
2016,JPN,40.0,Japan,126993.857,91.45711
2016,KAZ,18.0,Kazakhstan,18078.553,57.26352
2016,KEN,12.0,Kenya,47894.67,26.10488
2016,KOR,20.0,South Korea,51309.984,81.56175
2016,LTU,4.0,Lithuania,2933.673,67.36596
2016,MAR,1.0,Morocco,35107.264,61.36046
2016,MAS,5.0,Malaysia,31526.418,74.84
2016,MEX,5.0,Mexico,121519.221,79.57652
2016,MGL,2.0,Mongolia,3029.555,68.2967
2016,NED,19.0,Netherlands,17124.505,90.63519
2016,NGR,1.0,Nigeria,188666.931,48.68345
2016,NIG,1.0,Niger,20921.743,16.29004
2016,NOR,4.0,Norway,5236.59,81.48478
2016,NZL,18.0,New Zealand,4668.081,86.40016
2016,PHI,1.0,Philippines,104875.266,46.47482
2016,POL,11.0,Poland,38532.113,60.17794
2016,POR,1.0,Portugal,10332.753,64.08599
2016,PRK,7.0,North Korea,25389.611,61.47112
2016,PUR,1.0,Puerto Rico,3432.74,93.60198
2016,QAT,1.0,Qatar,2595.166,99.01456
2016,ROU,4.0,Romania,19797.82,53.89962
2016,RSA,10.0,South Africa,56422.274,65.34084
2016,RUS,54.0,Russia,145109.157,74.1643
2016,SGP,1.0,Singapore,5711.933,100
2016,SLO,4.0,Slovenia,2090.02,54.02024
2016,SRB,8.0,Serbia,9244.011,55.81
2016,SUI,7.0,Switzerland,8372.898,73.73919
2016,SVK,4.0,Slovakia,5431.203,53.80567
2016,SWE,11.0,Sweden,9953.317,86.8524
2016,THA,5.0,Thailand,70607.037,48.44777
2016,TJK,1.0,Tajikistan,8725.318,26.85115
2016,TPE,3.0,Taiwan,23594.471,77.33746
2016,TTO,1.0,Trinidad,1469.33,53.25035
2016,TUN,3.0,Tunisia,11685.667,68.34594
2016,TUR,8.0,Turkey,81019.394,74.13372
2016,UAE,1.0,United Arab Emirates,8994.263,85.96531
2016,UKR,11.0,Ukraine,44833.569,69.15352
2016,USA,108.0,USA,330745.254,81.98826
2016,UZB,13.0,Uzbekistan,31453.574,50.65028
2016,VEN,3.0,Venezuela,30741.464,88.165
2016,VIE,2.0,Vietnam,93126.529,34.51
